{"schemaVersion":"1.0","appDefinitionTemplate":{"id":"/providers/Microsoft.PowerApps/apps/","type":"Microsoft.PowerApps/apps","tags":{"primaryDeviceWidth":"1535","primaryDeviceHeight":"761","supportsPortrait":"true","supportsLandscape":"true","primaryFormFactor":"Tablet","showStatusBar":"false","publisherVersion":"3.25103.13","minimumRequiredApiVersion":"2.2.0","hasComponent":"true","hasUnlockedComponent":"true","isUnifiedRootApp":"false","sienaVersion":"20251110T124256Z-3.25103.13.0"},"properties":{"appVersion":"2025-11-10T12:42:56Z","lifeCycleId":"Published","createdByClientVersion":{"major":3,"minor":25103,"build":13,"revision":0,"majorRevision":0,"minorRevision":0},"minClientVersion":{"major":3,"minor":25103,"build":13,"revision":0,"majorRevision":0,"minorRevision":0},"backgroundColor":"RGBA(0,176,240,1)","backgroundImageUri":"/11519759963692406219/Nb153adc3-25fd-4cab-9375-68a0045fda2c-logoSmallFile","displayName":"ReceiptProcessor","description":"","commitMessage":"","appUris":{"documentUri":{"value":"/11519759963692406219/N7fe89df8-37b1-41ec-8409-8f65af644c8b-document.msapp"},"imageUris":[],"additionalUris":[{"isSolutionAware":false,"value":"/11519759963692406219/N67d0d738-b953-4a49-bf1a-300a52e81773-identity.json"}]},"createdTime":"0001-01-01T00:00:00Z","lastModifiedTime":"0001-01-01T00:00:00Z","sharedGroupsCount":0,"sharedUsersCount":0,"connectionReferences":{"b2c59d5d-324c-44ad-a992-d12911c5bc5b":{"id":"84786c4a-ed09-4142-8379-b75c8c9d3c75","displayName":"SharePoint","iconUri":"https://conn-afd-prod-endpoint-bmc9bqahasf3grgk.b01.azurefd.net/v1.0.1769/1.0.1769.4352/sharepointonline/icon.png","dataSources":["UserList","ReceiptProcessor"],"dependencies":[],"dependents":[],"parameterHints":{},"parameterHintsV2":{},"isOnPremiseConnection":false,"bypassConsent":false,"dataSets":{"https://bmsapps.sharepoint.com/sites/MyCar":{"dataSources":{"UserList":{"tableName":"679f6579-95c8-42d3-8477-f7d4cc501138"},"ReceiptProcessor":{"tableName":"35a88d1d-1929-4e09-ba46-729e3feeb322"}}}},"apiTier":"Standard","isCustomApiConnection":false,"actions":["providers/PowerPlatform.Governance/Operations/Read","providers/PowerPlatform.Governance/Operations/Write"]}},"databaseReferences":{"default.cds":{"databaseDetails":{"referenceType":"Environmental","environmentName":"default.cds","overrideValues":{"status":"NotSpecified","environmentVariableName":""}},"dataSources":{"43b0dc67-68af-47ae-9a9c-9e69d396ba3e":{"entitySetName":"msdyn_aimodels","logicalName":"msdyn_aimodel","isHidden":false}}}},"almMode":"Environment","performanceOptimizationEnabled":true,"canConsumeAppPass":true,"enableModernRuntimeMode":false,"executionRestrictions":{"isTeamsOnly":false,"dataLossPreventionEvaluationResult":{"status":"Compliant","lastEvaluationDate":"2025-11-10T07:46:26.1771646Z","violations":[],"violationsByPolicy":[],"violationErrorMessage":"The app uses the following connectors: ."}}},"isAppComponentLibrary":false,"appType":"ClassicCanvasApp","appComponents":[]}}