{"schemaVersion":"1.0","appDefinitionTemplate":{"id":"/providers/Microsoft.PowerApps/apps/","type":"Microsoft.PowerApps/apps","tags":{"primaryDeviceWidth":"794","primaryDeviceHeight":"1123","supportsPortrait":"true","supportsLandscape":"true","primaryFormFactor":"Tablet","showStatusBar":"false","publisherVersion":"3.25103.13","minimumRequiredApiVersion":"2.2.0","hasComponent":"false","hasUnlockedComponent":"false","isUnifiedRootApp":"false","sienaVersion":"20251112T015709Z-3.25103.13.0"},"properties":{"appVersion":"2025-11-12T01:57:09Z","lifeCycleId":"Published","createdByClientVersion":{"major":3,"minor":25103,"build":13,"revision":0,"majorRevision":0,"minorRevision":0},"minClientVersion":{"major":3,"minor":25103,"build":13,"revision":0,"majorRevision":0,"minorRevision":0},"backgroundColor":"RGBA(0,176,240,1)","backgroundImageUri":"/2526867608698507924/N7dbde934-1ac7-464a-9eb4-df82776d5b5a-logoSmallFile","displayName":"MyPrintBarcode","description":"","commitMessage":"","appUris":{"documentUri":{"value":"/2526867608698507924/Ne4e0f2d3-e830-41fa-8df7-728754efbf36-document.msapp"},"imageUris":[],"additionalUris":[{"isSolutionAware":false,"value":"/2526867608698507924/N3ffa5217-361f-4a6a-8915-fb07c5de9857-identity.json"}]},"createdTime":"0001-01-01T00:00:00Z","lastModifiedTime":"0001-01-01T00:00:00Z","sharedGroupsCount":0,"sharedUsersCount":0,"connectionReferences":{},"databaseReferences":{},"almMode":"Environment","performanceOptimizationEnabled":true,"canConsumeAppPass":true,"enableModernRuntimeMode":false,"executionRestrictions":{"isTeamsOnly":false,"dataLossPreventionEvaluationResult":{"status":"Compliant","lastEvaluationDate":"2025-11-12T01:57:17.4154413Z","violations":[],"violationsByPolicy":[],"violationErrorMessage":"The app uses the following connectors: ."}}},"isAppComponentLibrary":false,"appType":"ClassicCanvasApp","appComponents":[]}}